Daily commit run at Sun Jun 22 09:41:26 UTC 2025
Daily commit run at Mon Jun 23 08:42:43 UTC 2025
Daily commit run at Tue Jun 24 08:42:25 UTC 2025
Daily commit run at Wed Jun 25 08:42:40 UTC 2025
Daily commit run at Thu Jun 26 08:41:58 UTC 2025
Daily commit run at Fri Jun 27 08:41:24 UTC 2025
Daily commit run at Sat Jun 28 08:35:29 UTC 2025
Daily commit run at Sun Jun 29 08:35:51 UTC 2025
Daily commit run at Mon Jun 30 08:43:11 UTC 2025
Daily commit run at Tue Jul  1 08:42:28 UTC 2025
Daily commit run at Wed Jul  2 08:42:14 UTC 2025
Daily commit run at Thu Jul  3 08:40:38 UTC 2025
Daily commit run at Fri Jul  4 08:40:31 UTC 2025
Daily commit run at Sat Jul  5 08:36:11 UTC 2025
Daily commit run at Sun Jul  6 08:35:10 UTC 2025
Daily commit run at Mon Jul  7 08:43:21 UTC 2025
Daily commit run at Tue Jul  8 08:42:53 UTC 2025
Daily commit run at Wed Jul  9 08:42:35 UTC 2025
Daily commit run at Thu Jul 10 08:42:35 UTC 2025
Daily commit run at Fri Jul 11 08:41:56 UTC 2025
Daily commit run at Sat Jul 12 08:36:30 UTC 2025
Daily commit run at Sun Jul 13 08:36:09 UTC 2025
Daily commit run at Mon Jul 14 08:46:21 UTC 2025
Daily commit run at Tue Jul 15 08:43:51 UTC 2025
Daily commit run at Wed Jul 16 08:43:39 UTC 2025
Daily commit run at Thu Jul 17 08:43:27 UTC 2025
Daily commit run at Fri Jul 18 08:43:53 UTC 2025
Daily commit run at Sat Jul 19 08:38:34 UTC 2025
Daily commit run at Sun Jul 20 08:37:23 UTC 2025
Daily commit run at Mon Jul 21 08:47:07 UTC 2025
Daily commit run at Tue Jul 22 08:44:14 UTC 2025
Daily commit run at Wed Jul 23 08:44:34 UTC 2025
Daily commit run at Thu Jul 24 08:44:02 UTC 2025
Daily commit run at Fri Jul 25 08:42:52 UTC 2025
Daily commit run at Sat Jul 26 08:38:29 UTC 2025
Daily commit run at Sun Jul 27 08:38:54 UTC 2025
Daily commit run at Mon Jul 28 08:45:49 UTC 2025
Daily commit run at Tue Jul 29 08:44:44 UTC 2025
Daily commit run at Wed Jul 30 08:45:21 UTC 2025
Daily commit run at Thu Jul 31 08:44:55 UTC 2025
Daily commit run at Fri Aug  1 08:44:20 UTC 2025
Daily commit run at Sat Aug  2 08:39:35 UTC 2025
Daily commit run at Sun Aug  3 08:39:15 UTC 2025
Daily commit run at Mon Aug  4 08:46:41 UTC 2025
Daily commit run at Tue Aug  5 08:46:01 UTC 2025
Daily commit run at Wed Aug  6 08:45:49 UTC 2025
Daily commit run at Thu Aug  7 08:45:49 UTC 2025
Daily commit run at Fri Aug  8 08:45:01 UTC 2025
Daily commit run at Sat Aug  9 08:37:51 UTC 2025
Daily commit run at Sun Aug 10 08:37:15 UTC 2025
Daily commit run at Mon Aug 11 08:44:57 UTC 2025
Daily commit run at Tue Aug 12 08:42:10 UTC 2025
Daily commit run at Wed Aug 13 08:42:50 UTC 2025
Daily commit run at Thu Aug 14 08:43:26 UTC 2025
Daily commit run at Fri Aug 15 08:40:29 UTC 2025
Daily commit run at Sat Aug 16 08:36:07 UTC 2025
Daily commit run at Sun Aug 17 08:37:00 UTC 2025
Daily commit run at Mon Aug 18 08:43:48 UTC 2025
Daily commit run at Tue Aug 19 08:39:33 UTC 2025
Daily commit run at Wed Aug 20 08:38:25 UTC 2025
Daily commit run at Thu Aug 21 08:37:35 UTC 2025
Daily commit run at Fri Aug 22 08:37:25 UTC 2025
Daily commit run at Sat Aug 23 08:34:02 UTC 2025
Daily commit run at Sun Aug 24 08:33:25 UTC 2025
Daily commit run at Mon Aug 25 08:42:19 UTC 2025
Daily commit run at Tue Aug 26 08:40:42 UTC 2025
Daily commit run at Wed Aug 27 08:36:30 UTC 2025
Daily commit run at Thu Aug 28 08:36:34 UTC 2025
Daily commit run at Fri Aug 29 08:36:15 UTC 2025
Daily commit run at Sat Aug 30 08:32:28 UTC 2025
Daily commit run at Sun Aug 31 08:32:11 UTC 2025
Daily commit run at Mon Sep  1 08:40:35 UTC 2025
Daily commit run at Tue Sep  2 08:37:20 UTC 2025
Daily commit run at Wed Sep  3 08:35:22 UTC 2025
Daily commit run at Thu Sep  4 08:35:34 UTC 2025
Daily commit run at Fri Sep  5 08:35:22 UTC 2025
Daily commit run at Sat Sep  6 08:30:53 UTC 2025
Daily commit run at Sun Sep  7 08:31:12 UTC 2025
Daily commit run at Mon Sep  8 08:39:12 UTC 2025
Daily commit run at Tue Sep  9 08:37:21 UTC 2025
Daily commit run at Wed Sep 10 08:36:18 UTC 2025
Daily commit run at Thu Sep 11 08:35:26 UTC 2025
Daily commit run at Fri Sep 12 08:34:43 UTC 2025
Daily commit run at Sat Sep 13 08:31:41 UTC 2025
Daily commit run at Sun Sep 14 08:32:00 UTC 2025
Daily commit run at Mon Sep 15 08:36:31 UTC 2025
Daily commit run at Tue Sep 16 08:36:57 UTC 2025
Daily commit run at Wed Sep 17 08:35:35 UTC 2025
Daily commit run at Thu Sep 18 08:35:46 UTC 2025
Daily commit run at Fri Sep 19 08:35:34 UTC 2025
Daily commit run at Sat Sep 20 08:32:48 UTC 2025
Daily commit run at Sun Sep 21 08:31:14 UTC 2025
Daily commit run at Mon Sep 22 08:38:36 UTC 2025
Daily commit run at Tue Sep 23 08:36:15 UTC 2025
Daily commit run at Wed Sep 24 08:38:04 UTC 2025
Daily commit run at Thu Sep 25 08:36:56 UTC 2025
Daily commit run at Fri Sep 26 08:37:01 UTC 2025
Daily commit run at Sat Sep 27 08:32:01 UTC 2025
Daily commit run at Sun Sep 28 08:32:12 UTC 2025
Daily commit run at Mon Sep 29 08:40:58 UTC 2025
Daily commit run at Tue Sep 30 08:40:12 UTC 2025
Daily commit run at Wed Oct  1 08:37:36 UTC 2025
Daily commit run at Thu Oct  2 08:35:54 UTC 2025
Daily commit run at Fri Oct  3 08:34:37 UTC 2025
Daily commit run at Sat Oct  4 08:32:17 UTC 2025
Daily commit run at Sun Oct  5 08:31:39 UTC 2025
Daily commit run at Mon Oct  6 08:36:44 UTC 2025
Daily commit run at Tue Oct  7 08:36:21 UTC 2025
Daily commit run at Wed Oct  8 08:37:28 UTC 2025
Daily commit run at Thu Oct  9 08:37:23 UTC 2025
Daily commit run at Fri Oct 10 08:35:57 UTC 2025
Daily commit run at Sat Oct 11 08:32:24 UTC 2025
Daily commit run at Sun Oct 12 08:32:18 UTC 2025
Daily commit run at Mon Oct 13 08:41:47 UTC 2025
Daily commit run at Tue Oct 14 08:35:20 UTC 2025
Daily commit run at Wed Oct 15 08:40:46 UTC 2025
Daily commit run at Thu Oct 16 08:41:07 UTC 2025
Daily commit run at Fri Oct 17 08:37:44 UTC 2025
Daily commit run at Sat Oct 18 08:33:49 UTC 2025
Daily commit run at Sun Oct 19 08:32:28 UTC 2025
Daily commit run at Mon Oct 20 08:38:24 UTC 2025
Daily commit run at Tue Oct 21 08:41:35 UTC 2025
Daily commit run at Wed Oct 22 08:42:22 UTC 2025
Daily commit run at Thu Oct 23 08:39:54 UTC 2025
Daily commit run at Fri Oct 24 08:37:45 UTC 2025
Daily commit run at Sat Oct 25 08:33:21 UTC 2025
Daily commit run at Sun Oct 26 08:33:36 UTC 2025
Daily commit run at Mon Oct 27 08:40:49 UTC 2025
Daily commit run at Tue Oct 28 08:39:56 UTC 2025
Daily commit run at Wed Oct 29 08:41:13 UTC 2025
Daily commit run at Thu Oct 30 08:38:41 UTC 2025
Daily commit run at Fri Oct 31 08:37:12 UTC 2025
Daily commit run at Sat Nov  1 08:33:26 UTC 2025
Daily commit run at Sun Nov  2 08:32:26 UTC 2025
Daily commit run at Mon Nov  3 08:42:04 UTC 2025
Daily commit run at Tue Nov  4 08:41:27 UTC 2025
Daily commit run at Wed Nov  5 08:41:36 UTC 2025
Daily commit run at Thu Nov  6 08:40:37 UTC 2025
Daily commit run at Fri Nov  7 08:40:30 UTC 2025
Daily commit run at Sat Nov  8 08:34:09 UTC 2025
Daily commit run at Sun Nov  9 08:32:55 UTC 2025
Daily commit run at Mon Nov 10 08:42:07 UTC 2025
Daily commit run at Tue Nov 11 08:39:59 UTC 2025
Daily commit run at Wed Nov 12 08:42:37 UTC 2025
Daily commit run at Thu Nov 13 08:40:54 UTC 2025
Daily commit run at Fri Nov 14 08:39:38 UTC 2025
Daily commit run at Sat Nov 15 08:34:32 UTC 2025
Daily commit run at Sun Nov 16 08:35:07 UTC 2025
Daily commit run at Mon Nov 17 08:43:19 UTC 2025
Daily commit run at Tue Nov 18 08:41:20 UTC 2025
Daily commit run at Wed Nov 19 08:40:32 UTC 2025
Daily commit run at Thu Nov 20 08:42:19 UTC 2025
Daily commit run at Fri Nov 21 08:41:53 UTC 2025
Daily commit run at Sat Nov 22 08:35:17 UTC 2025
Daily commit run at Sun Nov 23 08:35:30 UTC 2025
Daily commit run at Mon Nov 24 08:43:28 UTC 2025
Daily commit run at Tue Nov 25 08:42:25 UTC 2025
Daily commit run at Wed Nov 26 08:41:57 UTC 2025
Daily commit run at Thu Nov 27 08:42:39 UTC 2025
Daily commit run at Fri Nov 28 08:42:33 UTC 2025
Daily commit run at Sat Nov 29 08:37:05 UTC 2025
Daily commit run at Sun Nov 30 08:35:07 UTC 2025
Daily commit run at Mon Dec  1 08:45:59 UTC 2025
Daily commit run at Tue Dec  2 08:45:11 UTC 2025
Daily commit run at Wed Dec  3 08:44:07 UTC 2025
Daily commit run at Thu Dec  4 08:44:10 UTC 2025
Daily commit run at Fri Dec  5 08:42:23 UTC 2025
Daily commit run at Sat Dec  6 08:36:29 UTC 2025
Daily commit run at Sun Dec  7 08:35:39 UTC 2025
Daily commit run at Mon Dec  8 08:46:00 UTC 2025
Daily commit run at Tue Dec  9 08:44:51 UTC 2025
Daily commit run at Wed Dec 10 08:44:07 UTC 2025
Daily commit run at Thu Dec 11 08:44:47 UTC 2025
Daily commit run at Fri Dec 12 08:45:18 UTC 2025
Daily commit run at Sat Dec 13 08:37:48 UTC 2025
Daily commit run at Sun Dec 14 08:37:56 UTC 2025
Daily commit run at Mon Dec 15 08:47:47 UTC 2025
Daily commit run at Tue Dec 16 08:46:07 UTC 2025
Daily commit run at Wed Dec 17 08:45:49 UTC 2025
Daily commit run at Thu Dec 18 08:45:04 UTC 2025
Daily commit run at Fri Dec 19 08:44:47 UTC 2025
Daily commit run at Sat Dec 20 08:37:47 UTC 2025
Daily commit run at Sun Dec 21 08:38:41 UTC 2025
Daily commit run at Mon Dec 22 08:45:54 UTC 2025
Daily commit run at Tue Dec 23 08:44:56 UTC 2025
Daily commit run at Wed Dec 24 08:44:40 UTC 2025
Daily commit run at Thu Dec 25 08:43:09 UTC 2025
Daily commit run at Fri Dec 26 08:42:41 UTC 2025
